{"current":{"color_header_bg":"#ffffff","color_header_links":"#fff","color_body_bg":"#ffffff","color_content_bg":"#fff","color_body_headings":"#030303","color_body_text":"#292929","color_button_bg":"#292929","color_button_text":"#fff","color_footer_bg":"#222222","color_footer_text":"#fff","color_hero_text":"#fff","color_hero_bg":"#006eff","type_accent_family":"Arial, 'Helvetica Neue', Helvetica, sans-serif","type_accent_bold":false,"type_accent_spacing":true,"type_accent_transform":true,"type_base_family":"Arial, 'Helvetica Neue', Helvetica, sans-serif","type_base_size":"16px","type_nav_size":"16px","type_nav_spacing":false,"type_nav_transform":true,"product_images_padding":true,"product_vendor_enable":false,"share_image":"","social_facebook_link":"#","social_twitter_link":"#","social_pinterest_link":"","social_instagram_link":"","social_tumblr_link":"","social_snapchat_link":"","social_youtube_link":"#","social_vimeo_link":"","share_facebook":true,"share_twitter":true,"share_pinterest":true,"favicon":"","checkout_header_image":"","checkout_logo_image":"","checkout_logo_position":"left","checkout_logo_size":"medium","checkout_body_background_image":"","checkout_body_background_color":"#fff","checkout_input_background_color_mode":"white","checkout_sidebar_background_image":"","checkout_sidebar_background_color":"#fafafa","checkout_heading_font":"-apple-system, BlinkMacSystemFont, 'Segoe UI', Roboto, Helvetica, Arial, sans-serif, 'Apple Color Emoji', 'Segoe UI Emoji', 'Segoe UI Symbol'","checkout_body_font":"-apple-system, BlinkMacSystemFont, 'Segoe UI', Roboto, Helvetica, Arial, sans-serif, 'Apple Color Emoji', 'Segoe UI Emoji', 'Segoe UI Symbol'","checkout_accent_color":"#006eff","checkout_button_color":"#006eff","checkout_error_color":"#e32c2b","checkout_banner_background_color":"#fff","checkout_call_to_action_color":"#006eff","checkout_use_header_image":false,"color_newsletter_input":"#1a1a1a","sections":{"slideshow":{"type":"slideshow","blocks":{"1523418103167":{"type":"slide","settings":{"image":"shopify:\/\/shop_images\/gz-banner.png","title":"LEADING HAND TOOLS","subheading":"","link":"shopify:\/\/collections\/accessories","background":""}},"1523430517390":{"type":"slide","settings":{"image":"shopify:\/\/shop_images\/gz-banner_0742868c-d37b-4b94-a236-981a82a668d6.png","title":"LEADING HAND TOOLS","subheading":"","link":"shopify:\/\/collections\/on-sale","background":"ccc"}}},"block_order":["1523418103167","1523430517390"],"settings":{}},"footer":{"type":"footer","blocks":{"social":{"type":"social","settings":{"title":"Keep In Touch","align":"left"}},"linklist":{"type":"menu","settings":{"link_list":"footer"}}},"block_order":["social","linklist"],"settings":{}},"featured-products":{"type":"featured-products","settings":{"collection":"on-sale","rows":2}},"header":{"type":"header","settings":{"logo":"shopify:\/\/shop_images\/gz-logo.png","logo_max_width":"315","main_linklist":"main-menu","promo_bar_enable":false,"promo_bar_text":"","promo_bar_link":""}},"product-template":{"type":"product-template","settings":{"enable_ajax":true,"stock_enable":false,"enable_payment_button":false,"social_sharing_products":true}},"related-products":{"type":"related-products","settings":{"show_related_products":true,"related_title":"You Might Also Like","related_grid_num":"10","related_grid_row":"1"}},"1524817444299":{"type":"link-block","blocks":{"1524817444299-0":{"type":"link_block","settings":{"image":"shopify:\/\/shop_images\/gz-category1.png","link":"shopify:\/\/collections\/commuting","cta_label":"Commuting"}},"1524817444299-1":{"type":"link_block","settings":{"image":"shopify:\/\/shop_images\/gz-category2.png","link":"shopify:\/\/collections\/appliances","cta_label":"Appliances"}},"1524817526740":{"type":"link_block","settings":{"image":"shopify:\/\/shop_images\/gz-category3.png","link":"shopify:\/\/collections\/led-lights","cta_label":"LED Lights"}},"1524817555212":{"type":"link_block","settings":{"image":"shopify:\/\/shop_images\/gz-category4.png","link":"shopify:\/\/collections\/camping-outdoor-gear","cta_label":"CAMPING & OUTDOOR GEAR"}},"1524817581212":{"type":"link_block","settings":{"image":"shopify:\/\/shop_images\/gz-category5.png","link":"shopify:\/\/collections\/tools-hardware","cta_label":"TOOLS & HARDWARE"}},"1524817636670":{"type":"link_block","settings":{"image":"shopify:\/\/shop_images\/gz-category6.png","link":"shopify:\/\/collections\/toys","cta_label":"Toys"}},"1524817661454":{"type":"link_block","settings":{"image":"shopify:\/\/shop_images\/gz-category7.png","link":"shopify:\/\/collections\/gadgets","cta_label":"Gadgets"}},"1524817685549":{"type":"link_block","settings":{"image":"shopify:\/\/shop_images\/gz-category8.png","link":"shopify:\/\/collections\/furniture","cta_label":"FURNITURE"}}},"block_order":["1524817444299-0","1524817444299-1","1524817526740","1524817555212","1524817581212","1524817636670","1524817661454","1524817685549"],"settings":{}}},"content_for_index":["1524817444299","featured-products"]},"presets":{"Snowboards":{"checkout_accent_color":"#006eff","checkout_banner_background_color":"#fff","checkout_button_color":"#006eff","checkout_call_to_action_color":"#006eff","checkout_use_header_image":false,"color_body_bg":"#f7f7f7","color_body_headings":"#030303","color_body_text":"#666","color_button_bg":"#006eff","color_button_text":"#fff","color_content_bg":"#fff","color_footer_bg":"#030303","color_footer_text":"#fff","color_header_bg":"#030303","color_header_links":"#fff","color_hero_bg":"#006eff","color_hero_text":"#fff","color_newsletter_input":"#1a1a1a","type_accent_bold":false,"type_accent_family":"Google_Unica+One_400_sans","type_accent_spacing":true,"type_accent_transform":true,"type_base_family":"Google_Karla_400_sans","type_base_size":"16px","type_nav_size":"14px","type_nav_spacing":true,"type_nav_transform":true,"sections":{"slideshow":{"type":"slideshow","blocks":{"placeholder":{"type":"slide","settings":{}}},"block_order":["placeholder"],"settings":{}},"footer":{"type":"footer","blocks":{"linklist":{"type":"menu","settings":{}},"social":{"type":"social","settings":{}}},"block_order":["linklist","social"],"settings":{}},"featured-collections":{"type":"featured-collections","blocks":{"featured-collections-0":{"type":"collection","settings":{}},"featured-collections-1":{"type":"collection","settings":{}},"featured-collections-2":{"type":"collection","settings":{}}},"block_order":["featured-collections-0","featured-collections-1","featured-collections-2"],"settings":{}},"featured-products":{"type":"featured-products","settings":{"collection":"frontpage"}},"image-content":{"type":"image-content","blocks":{"image-content-0":{"type":"image_block","settings":{}},"image-content-1":{"type":"text_block","settings":{}}},"block_order":["image-content-0","image-content-1"],"settings":{}}},"content_for_index":["featured-collections","featured-products","image-content"]},"Outdoors":{"checkout_accent_color":"#f4743c","checkout_banner_background_color":"#fff","checkout_button_color":"#f4743c","checkout_call_to_action_color":"#f4743c","checkout_use_header_image":false,"color_body_bg":"#f7f7f7","color_body_headings":"#1a1a1a","color_body_text":"#666","color_button_bg":"#c04f1d","color_button_text":"#fff","color_content_bg":"#ffffff","color_footer_bg":"#213236","color_footer_text":"#fff","color_header_bg":"#213236","color_header_links":"#ffffff","color_hero_bg":"#f4743c","color_hero_text":"#fff","color_newsletter_input":"#425154","type_accent_bold":true,"type_accent_family":"Google_Lora_400_serif","type_accent_spacing":false,"type_accent_transform":false,"type_base_family":"Google_Roboto_400_sans","type_base_size":"14px","type_nav_size":"15px","type_nav_spacing":false,"type_nav_transform":false},"Boxing":{"checkout_accent_color":"#d8232f","checkout_banner_background_color":"#fff","checkout_button_color":"#d8232f","checkout_call_to_action_color":"#d8232f","checkout_use_header_image":false,"color_body_bg":"#f0f0f0","color_body_headings":"#222222","color_body_text":"#666","color_button_bg":"#d8232f","color_button_text":"#fff","color_content_bg":"#ffffff","color_footer_bg":"#222222","color_footer_text":"#ffffff","color_header_bg":"#222222","color_header_links":"#ffffff","color_hero_bg":"#d8232f","color_hero_text":"#fff","color_newsletter_input":"#303030","type_accent_bold":true,"type_accent_family":"Google_Open+Sans+Condensed_400_sans","type_accent_spacing":false,"type_accent_transform":true,"type_base_family":"Google_Source+Sans+Pro_400_sans","type_base_size":"17px","type_nav_size":"14px","type_nav_spacing":true,"type_nav_transform":true}}}